Date ,Day,Month,Year,Quarter,series ,OPEN ,HIGH ,LOW ,PREV. CLOSE ,ltp ,close ,vwap ,52W H ,52W L ,VOLUME ,No of trades 
24-Jan-25,Friday,January,2025,Q1,EQ,256.00,257.35,243.55,255.85,243.90,244.45,248.05,394.70,237.10,38379153.00,309282.00
23-Jan-25,Thursday,January,2025,Q1,EQ,263.50,267.40,253.60,262.80,255.00,255.85,258.65,394.70,237.10,26848859.00,196853.00
22-Jan-25,Wednesday,January,2025,Q1,EQ,261.70,263.60,254.05,260.10,263.30,262.80,259.45,394.70,237.10,19045792.00,177368.00
21-Jan-25,Tuesday,January,2025,Q1,EQ,276.00,277.50,258.40,275.70,259.95,260.10,265.97,394.70,237.10,25289898.00,240994.00
20-Jan-25,Monday,January,2025,Q1,EQ,279.00,280.00,271.15,279.00,275.80,275.70,274.84,394.70,237.10,15616628.00,142296.00
17-Jan-25,Friday,January,2025,Q1,EQ,280.00,281.30,275.70,276.80,278.75,279.00,278.33,394.70,237.10,12895002.00,114817.00
16-Jan-25,Thursday,January,2025,Q1,EQ,277.00,278.80,274.85,272.40,276.45,276.80,276.74,394.70,237.10,9804897.00,87981.00
15-Jan-25,Wednesday,January,2025,Q1,EQ,275.00,276.00,271.25,272.85,274.00,272.40,273.56,394.70,237.10,12932861.00,100879.00
14-Jan-25,Tuesday,January,2025,Q1,EQ,267.45,274.00,264.20,266.15,273.75,272.85,269.19,394.70,237.10,19834738.00,213089.00
13-Jan-25,Monday,January,2025,Q1,EQ,277.80,278.00,265.05,280.55,265.80,266.15,269.92,394.70,237.10,22870943.00,249112.00
10-Jan-25,Friday,January,2025,Q1,EQ,290.00,290.95,280.00,289.25,280.90,280.55,284.28,394.70,237.10,13906821.00,158135.00
09-Jan-25,Thursday,January,2025,Q1,EQ,298.50,298.50,288.80,298.60,289.85,289.25,292.52,394.70,237.10,15072307.00,140322.00
08-Jan-25,Wednesday,January,2025,Q1,EQ,300.50,300.85,296.25,299.15,298.35,298.60,298.48,394.70,237.10,10545440.00,88037.00
07-Jan-25,Tuesday,January,2025,Q1,EQ,298.00,301.00,297.25,296.70,299.00,299.15,299.59,394.70,237.10,8305881.00,87318.00
06-Jan-25,Monday,January,2025,Q1,EQ,307.70,308.45,295.25,307.45,296.35,296.70,300.14,394.70,237.10,15616967.00,212832.00
03-Jan-25,Friday,January,2025,Q1,EQ,306.70,310.90,304.25,304.70,307.15,307.45,307.45,394.70,232.00,25288548.00,112188.00
02-Jan-25,Thursday,January,2025,Q1,EQ,306.00,307.00,303.35,304.45,304.55,304.70,304.68,394.70,232.00,18554117.00,85450.00
01-Jan-25,Wednesday,January,2025,Q1,EQ,298.90,306.40,298.80,298.70,304.25,304.45,303.79,394.70,232.00,8948678.00,85145.00
31-Dec-24,Tuesday,December,2024,Q4,EQ,303.85,303.85,296.25,306.25,298.90,298.70,298.76,394.70,232.00,17838917.00,204227.00
30-Dec-24,Monday,December,2024,Q4,EQ,305.00,308.95,301.00,304.95,304.80,306.25,305.57,394.70,232.00,45642158.00,169902.00
27-Dec-24,Friday,December,2024,Q4,EQ,305.95,307.35,304.50,305.55,305.25,304.95,305.83,394.70,232.00,6020942.00,65756.00
26-Dec-24,Thursday,December,2024,Q4,EQ,304.70,306.70,302.90,304.70,305.35,305.55,304.99,394.70,232.00,8189884.00,80345.00
24-Dec-24,Tuesday,December,2024,Q4,EQ,304.70,307.00,303.60,304.70,304.95,304.70,305.22,394.70,232.00,6911511.00,68849.00
23-Dec-24,Monday,December,2024,Q4,EQ,308.80,308.85,302.05,304.30,304.90,304.70,305.68,394.70,232.00,11299664.00,135738.00
20-Dec-24,Friday,December,2024,Q4,EQ,314.75,314.75,302.80,313.00,305.40,304.30,308.06,394.70,229.00,19669669.00,196059.00
19-Dec-24,Thursday,December,2024,Q4,EQ,318.00,319.90,310.75,324.60,313.75,313.00,314.62,394.70,229.00,21490551.00,279000.00
18-Dec-24,Wednesday,December,2024,Q4,EQ,336.00,337.00,323.55,337.10,325.00,324.60,327.93,394.70,229.00,13957883.00,144319.00
17-Dec-24,Tuesday,December,2024,Q4,EQ,339.05,340.90,335.90,340.35,336.75,337.10,337.93,394.70,229.00,8027327.00,65184.00
16-Dec-24,Monday,December,2024,Q4,EQ,339.25,342.45,338.15,339.75,339.85,340.35,340.76,394.70,229.00,6632276.00,62699.00
13-Dec-24,Friday,December,2024,Q4,EQ,337.00,340.70,330.65,338.30,338.70,339.75,336.34,394.70,229.00,9126606.00,80843.00
12-Dec-24,Thursday,December,2024,Q4,EQ,343.80,346.30,337.20,343.00,338.35,338.30,340.59,394.70,229.00,10639649.00,71904.00
11-Dec-24,Wednesday,December,2024,Q4,EQ,334.70,345.00,333.30,335.10,343.50,343.00,339.88,394.70,229.00,20098921.00,112566.00
10-Dec-24,Tuesday,December,2024,Q4,EQ,337.00,337.95,333.65,336.85,334.85,335.10,335.35,394.70,229.00,7366133.00,60655.00
09-Dec-24,Monday,December,2024,Q4,EQ,338.50,341.30,335.90,338.90,336.30,336.85,338.00,394.70,229.00,10589894.00,89642.00
06-Dec-24,Friday,December,2024,Q4,EQ,343.05,343.05,338.50,341.50,338.90,338.90,339.92,394.70,227.90,8074543.00,70826.00
05-Dec-24,Thursday,December,2024,Q4,EQ,346.75,347.30,339.60,345.20,341.30,341.50,342.83,394.70,227.90,11818459.00,89088.00
04-Dec-24,Wednesday,December,2024,Q4,EQ,342.10,347.35,340.65,340.35,345.00,345.20,344.13,394.70,227.90,16774994.00,130655.00
03-Dec-24,Tuesday,December,2024,Q4,EQ,331.35,342.45,329.85,329.70,342.10,340.35,337.36,394.70,227.90,18445722.00,158215.00
02-Dec-24,Monday,December,2024,Q4,EQ,326.00,330.50,325.10,328.35,329.95,329.70,328.78,394.70,227.90,8216182.00,69373.00
29-Nov-24,Friday,November,2024,Q4,EQ,325.55,332.30,325.35,325.45,328.35,328.35,329.62,394.70,222.65,18285878.00,100163.00
28-Nov-24,Thursday,November,2024,Q4,EQ,328.95,331.40,325.00,328.90,325.70,325.45,327.67,394.70,222.65,9679906.00,86914.00
27-Nov-24,Wednesday,November,2024,Q4,EQ,325.70,331.95,322.40,326.05,329.35,328.90,328.73,394.70,222.65,11501641.00,111171.00
26-Nov-24,Tuesday,November,2024,Q4,EQ,321.45,326.90,320.10,323.25,326.10,326.05,324.28,394.70,222.65,11006017.00,99095.00
25-Nov-24,Monday,November,2024,Q4,EQ,318.85,325.00,318.00,313.80,320.00,323.25,322.15,394.70,222.65,25530717.00,140467.00
22-Nov-24,Friday,November,2024,Q4,EQ,314.50,317.70,312.35,314.20,313.95,313.80,315.02,394.70,215.05,11366576.00,111967.00
21-Nov-24,Thursday,November,2024,Q4,EQ,317.00,318.90,313.05,319.35,314.20,314.20,314.79,394.70,215.05,9585103.00,118692.00
19-Nov-24,Tuesday,November,2024,Q4,EQ,320.00,323.80,317.10,318.80,317.85,319.35,321.25,394.70,215.05,9800376.00,93574.00
18-Nov-24,Monday,November,2024,Q4,EQ,320.00,322.90,313.85,318.35,319.00,318.80,317.88,394.70,215.05,15570302.00,153790.00
14-Nov-24,Thursday,November,2024,Q4,EQ,302.75,320.50,302.75,299.40,319.60,318.35,315.61,394.70,215.05,42750072.00,376824.00
13-Nov-24,Wednesday,November,2024,Q4,EQ,310.00,310.00,298.00,310.25,300.40,299.40,302.09,394.70,215.05,14563487.00,225060.00
12-Nov-24,Tuesday,November,2024,Q4,EQ,312.20,316.15,310.00,312.00,310.50,310.25,312.85,394.70,215.05,5765828.00,89422.00
11-Nov-24,Monday,November,2024,Q4,EQ,314.00,316.10,310.60,316.05,311.90,312.00,313.52,394.70,215.05,8429474.00,129598.00
08-Nov-24,Friday,November,2024,Q4,EQ,321.70,322.35,314.80,321.55,315.00,316.05,317.97,394.70,213.80,7871347.00,133008.00
07-Nov-24,Thursday,November,2024,Q4,EQ,327.00,328.50,320.55,326.05,321.25,321.55,323.53,394.70,213.80,7046798.00,96683.00
06-Nov-24,Wednesday,November,2024,Q4,EQ,323.95,327.90,322.80,321.90,326.45,326.05,325.27,394.70,213.80,7203398.00,83373.00
05-Nov-24,Tuesday,November,2024,Q4,EQ,320.00,324.00,318.75,319.85,321.80,321.90,321.28,394.70,213.80,5979530.00,72385.00
04-Nov-24,Monday,November,2024,Q4,EQ,326.80,326.80,319.30,326.20,319.90,319.85,320.96,394.70,213.80,8097386.00,108144.00
01-Nov-24,Friday,November,2024,Q4,EQ,325.00,326.85,324.20,322.30,326.45,326.20,325.83,394.70,213.80,4366260.00,88741.00
31-Oct-24,Thursday,October,2024,Q4,EQ,319.95,323.90,317.70,319.95,322.00,322.30,321.59,394.70,213.80,6666478.00,99987.00
30-Oct-24,Wednesday,October,2024,Q4,EQ,326.75,326.75,318.55,326.20,319.25,319.95,321.96,394.70,213.80,11570929.00,141079.00
29-Oct-24,Tuesday,October,2024,Q4,EQ,317.70,326.95,313.90,316.65,325.80,326.20,321.57,394.70,213.80,14904512.00,163637.00
28-Oct-24,Monday,October,2024,Q4,EQ,314.50,319.25,310.65,311.20,316.45,316.65,315.97,394.70,213.80,9290007.00,113898.00
25-Oct-24,Friday,October,2024,Q4,EQ,317.50,317.85,306.00,316.10,311.90,311.20,311.17,394.70,204.25,12405373.00,184320.00
24-Oct-24,Thursday,October,2024,Q4,EQ,315.00,318.40,314.85,314.70,315.95,316.10,316.24,394.70,204.25,7628619.00,88601.00
23-Oct-24,Wednesday,October,2024,Q4,EQ,316.25,321.45,313.15,314.05,314.45,314.70,316.79,394.70,204.25,15298133.00,211596.00
22-Oct-24,Tuesday,October,2024,Q4,EQ,328.00,328.40,311.10,327.20,316.20,314.05,318.88,394.70,204.25,16864967.00,259966.00
21-Oct-24,Monday,October,2024,Q4,EQ,334.40,334.40,326.05,330.35,326.40,327.20,329.75,394.70,204.25,8404918.00,108691.00
18-Oct-24,Friday,October,2024,Q4,EQ,329.15,332.90,325.50,329.15,329.60,330.35,329.62,394.70,204.25,9740536.00,157909.00
17-Oct-24,Thursday,October,2024,Q4,EQ,334.85,335.00,328.60,333.65,329.50,329.15,331.16,394.70,204.25,9765396.00,120844.00
16-Oct-24,Wednesday,October,2024,Q4,EQ,337.05,339.20,332.50,336.75,333.00,333.65,335.71,394.70,204.25,10530774.00,109573.00
15-Oct-24,Tuesday,October,2024,Q4,EQ,341.95,341.95,336.10,340.05,336.90,336.75,337.63,394.70,204.25,9425660.00,111972.00
14-Oct-24,Monday,October,2024,Q4,EQ,342.80,343.45,339.25,341.50,339.45,340.05,341.39,394.70,204.25,7284123.00,88765.00
11-Oct-24,Friday,October,2024,Q4,EQ,343.45,344.45,340.45,343.80,340.95,341.50,342.49,394.70,204.25,8105506.00,80797.00
10-Oct-24,Thursday,October,2024,Q4,EQ,345.00,347.50,343.00,343.00,343.30,343.80,344.78,394.70,204.25,8914571.00,92382.00
09-Oct-24,Wednesday,October,2024,Q4,EQ,345.00,348.00,341.55,345.60,342.00,343.00,345.16,394.70,204.25,12692777.00,141457.00
08-Oct-24,Tuesday,October,2024,Q4,EQ,334.75,349.70,333.00,336.35,343.95,345.60,341.21,394.70,204.25,20853384.00,204867.00
07-Oct-24,Monday,October,2024,Q4,EQ,346.10,348.90,329.20,338.80,334.60,336.35,338.37,394.70,204.25,38001804.00,408352.00
04-Oct-24,Friday,October,2024,Q4,EQ,343.50,345.30,336.50,345.60,338.95,338.80,340.96,394.70,204.25,18945511.00,195862.00
03-Oct-24,Thursday,October,2024,Q4,EQ,345.00,350.50,339.05,351.00,345.75,345.60,344.05,394.70,204.25,24232870.00,245220.00
01-Oct-24,Tuesday,October,2024,Q4,EQ,352.00,353.00,346.25,350.60,349.90,351.00,349.84,394.70,204.25,16421563.00,154789.00
30-Sep-24,Monday,September,2024,Q3,EQ,357.00,358.15,349.60,359.15,350.50,350.60,352.24,394.70,204.25,26763318.00,222274.00
27-Sep-24,Friday,September,2024,Q3,EQ,350.00,363.00,349.10,349.85,358.05,359.15,358.31,394.70,204.25,61551034.00,385400.00
26-Sep-24,Thursday,September,2024,Q3,EQ,352.50,353.60,348.95,352.80,349.10,349.85,350.40,394.70,204.25,11584354.00,107880.00
25-Sep-24,Wednesday,September,2024,Q3,EQ,351.70,355.00,349.00,352.45,352.50,352.80,351.65,394.70,204.25,13663033.00,113831.00
24-Sep-24,Tuesday,September,2024,Q3,EQ,353.80,356.00,349.10,354.25,351.50,352.45,352.03,394.70,204.25,20086102.00,153856.00
23-Sep-24,Monday,September,2024,Q3,EQ,354.35,361.20,352.25,353.90,353.30,354.25,356.25,394.70,204.25,22868793.00,213880.00
20-Sep-24,Friday,September,2024,Q3,EQ,348.40,355.90,348.35,346.65,353.20,353.90,352.99,394.70,204.25,38491941.00,277929.00
19-Sep-24,Thursday,September,2024,Q3,EQ,348.75,350.50,338.45,346.90,347.95,346.65,344.77,394.70,204.25,17295767.00,189733.00
18-Sep-24,Wednesday,September,2024,Q3,EQ,350.50,353.25,345.10,351.65,345.75,346.90,348.29,394.70,204.25,12141036.00,115349.00
17-Sep-24,Tuesday,September,2024,Q3,EQ,348.70,355.50,344.00,348.80,350.60,351.65,348.78,394.70,204.25,14931440.00,126903.00
16-Sep-24,Monday,September,2024,Q3,EQ,352.00,354.70,347.00,351.90,348.00,348.80,350.31,394.70,204.25,11639025.00,120672.00
13-Sep-24,Friday,September,2024,Q3,EQ,350.35,354.40,346.90,349.80,352.85,351.90,350.26,394.70,204.25,17631913.00,144038.00
12-Sep-24,Thursday,September,2024,Q3,EQ,346.30,351.95,342.30,344.30,350.35,349.80,347.28,394.70,204.25,18880957.00,171755.00
11-Sep-24,Wednesday,September,2024,Q3,EQ,352.50,355.40,343.05,351.50,344.80,344.30,350.19,394.70,204.25,22779115.00,208330.00
10-Sep-24,Tuesday,September,2024,Q3,EQ,343.95,359.75,340.85,341.70,352.15,351.50,352.41,394.70,204.25,60920830.00,450178.00
09-Sep-24,Monday,September,2024,Q3,EQ,337.95,345.85,329.30,336.85,344.10,341.70,337.27,394.70,204.25,18687398.00,199116.00
06-Sep-24,Friday,September,2024,Q3,EQ,345.00,345.85,336.00,345.35,337.75,336.85,338.78,394.70,204.25,17265092.00,189645.00
05-Sep-24,Thursday,September,2024,Q3,EQ,348.60,350.45,344.00,347.20,344.35,345.35,347.43,394.70,204.25,16406870.00,148524.00
04-Sep-24,Wednesday,September,2024,Q3,EQ,345.00,350.30,343.05,350.20,346.40,347.20,346.58,394.70,204.25,22005759.00,184571.00
03-Sep-24,Tuesday,September,2024,Q3,EQ,351.00,355.00,342.50,344.90,348.20,350.20,348.18,394.70,204.25,65293715.00,531261.00
02-Sep-24,Monday,September,2024,Q3,EQ,323.90,349.35,323.15,321.70,348.00,344.90,337.83,394.70,204.25,65333808.00,416061.00
30-Aug-24,Friday,August,2024,Q3,EQ,327.65,331.60,320.65,325.65,322.40,321.70,325.24,394.70,204.25,27498340.00,223183.00
29-Aug-24,Thursday,August,2024,Q3,EQ,324.25,333.10,323.50,322.25,325.50,325.65,327.27,394.70,204.25,33808226.00,263259.00
28-Aug-24,Wednesday,August,2024,Q3,EQ,327.00,330.25,320.90,323.60,322.30,322.25,326.13,394.70,204.25,21470187.00,188622.00
27-Aug-24,Tuesday,August,2024,Q3,EQ,324.50,326.60,321.65,323.25,323.80,323.60,323.45,394.70,204.25,16600233.00,125338.00
26-Aug-24,Monday,August,2024,Q3,EQ,332.70,334.20,321.75,327.15,323.70,323.25,325.85,394.70,204.25,26118300.00,198622.00
23-Aug-24,Friday,August,2024,Q3,EQ,330.00,333.70,326.70,329.60,327.05,327.15,329.71,394.70,204.25,8935180.00,91253.00
22-Aug-24,Thursday,August,2024,Q3,EQ,332.20,333.40,328.90,331.10,329.60,329.60,331.01,394.70,204.25,8368346.00,76434.00
21-Aug-24,Wednesday,August,2024,Q3,EQ,335.90,337.25,329.50,334.15,331.00,331.10,333.41,394.70,204.25,18916856.00,152470.00
20-Aug-24,Tuesday,August,2024,Q3,EQ,332.40,337.95,332.00,331.45,336.60,334.15,334.60,394.70,204.25,15772046.00,124233.00
19-Aug-24,Monday,August,2024,Q3,EQ,331.95,334.50,328.80,328.15,331.45,331.45,331.79,394.70,204.25,13708990.00,141591.00
16-Aug-24,Friday,August,2024,Q3,EQ,324.00,329.55,319.55,320.20,327.90,328.15,324.24,394.70,204.25,16446600.00,170127.00
14-Aug-24,Wednesday,August,2024,Q3,EQ,326.00,326.35,319.20,323.30,320.15,320.20,322.85,394.70,204.25,8040049.00,101313.00
13-Aug-24,Tuesday,August,2024,Q3,EQ,329.50,336.50,322.00,329.15,323.00,323.30,329.81,394.70,204.25,15172143.00,168540.00
12-Aug-24,Monday,August,2024,Q3,EQ,325.00,330.95,322.30,325.60,329.50,329.15,326.92,394.70,204.25,12463583.00,135160.00
09-Aug-24,Friday,August,2024,Q3,EQ,330.20,330.50,324.50,326.40,325.75,325.60,327.23,394.70,204.25,7793704.00,109090.00
08-Aug-24,Thursday,August,2024,Q3,EQ,330.00,330.80,324.00,329.75,326.45,326.40,327.27,394.70,204.25,9648681.00,129006.00
07-Aug-24,Wednesday,August,2024,Q3,EQ,316.45,337.20,313.30,311.35,331.00,329.75,322.99,394.70,204.25,20755735.00,193361.00
06-Aug-24,Tuesday,August,2024,Q3,EQ,317.15,322.00,310.00,317.05,312.20,311.35,317.05,394.70,204.25,12640387.00,209093.00
05-Aug-24,Monday,August,2024,Q3,EQ,317.95,322.20,315.00,326.25,317.15,317.05,317.63,394.70,204.25,16751766.00,285258.00
02-Aug-24,Friday,August,2024,Q3,EQ,325.95,328.25,324.55,328.70,326.30,326.25,326.72,394.70,204.25,7284359.00,119359.00
01-Aug-24,Thursday,August,2024,Q3,EQ,329.00,332.90,328.25,328.50,328.70,328.70,330.70,394.70,204.25,13137038.00,154051.00
31-Jul-24,Wednesday,July,2024,Q3,EQ,329.35,331.25,327.50,329.35,328.20,328.50,329.25,394.70,204.25,12402209.00,169681.00
30-Jul-24,Tuesday,July,2024,Q3,EQ,331.00,331.75,329.10,330.20,329.30,329.35,330.10,394.70,204.25,8705901.00,133892.00
29-Jul-24,Monday,July,2024,Q3,EQ,334.50,335.20,329.50,331.90,330.60,330.20,331.98,394.70,204.25,12628377.00,185589.00
26-Jul-24,Friday,July,2024,Q3,EQ,329.85,336.65,329.55,329.20,331.95,331.90,333.20,394.70,204.25,9688122.00,118918.00
25-Jul-24,Thursday,July,2024,Q3,EQ,333.00,333.65,328.00,334.70,329.05,329.20,330.63,394.70,204.25,12201643.00,149083.00
24-Jul-24,Wednesday,July,2024,Q3,EQ,335.25,339.00,334.60,334.90,334.95,334.70,336.15,394.70,204.25,8729363.00,107342.00
23-Jul-24,Tuesday,July,2024,Q3,EQ,342.00,342.00,326.00,340.95,335.20,334.90,335.85,394.70,204.25,13863332.00,200701.00
22-Jul-24,Monday,July,2024,Q3,EQ,338.75,343.00,334.30,338.75,341.00,340.95,339.66,394.70,204.25,12279130.00,158860.00
19-Jul-24,Friday,July,2024,Q3,EQ,337.05,342.00,332.05,337.00,338.15,338.75,337.24,394.70,204.25,15349322.00,201523.00
18-Jul-24,Thursday,July,2024,Q3,EQ,345.60,346.15,336.00,344.25,337.00,337.00,338.38,394.70,204.25,25188963.00,368889.00
16-Jul-24,Tuesday,July,2024,Q3,EQ,350.00,350.35,343.10,355.40,344.80,344.25,346.52,394.70,204.25,25005251.00,298259.00
15-Jul-24,Monday,July,2024,Q3,EQ,354.30,356.70,351.70,350.35,355.70,355.40,353.94,394.70,204.25,15488346.00,134397.00
12-Jul-24,Friday,July,2024,Q3,EQ,354.50,356.40,350.00,348.05,350.80,350.35,352.21,394.70,204.25,16327807.00,148870.00
11-Jul-24,Thursday,July,2024,Q3,EQ,349.50,351.35,347.00,347.95,348.20,348.05,348.32,394.70,204.25,8045640.00,107885.00
10-Jul-24,Wednesday,July,2024,Q3,EQ,350.40,350.90,344.10,349.85,348.00,347.95,348.23,394.70,204.25,11556794.00,121295.00
09-Jul-24,Tuesday,July,2024,Q3,EQ,349.10,353.70,348.55,348.30,349.50,349.85,351.05,394.70,204.25,8908509.00,106222.00
08-Jul-24,Monday,July,2024,Q3,EQ,353.00,353.55,347.20,352.75,348.50,348.30,350.28,394.70,204.25,11525948.00,147862.00
05-Jul-24,Friday,July,2024,Q3,EQ,350.85,354.80,349.10,350.85,353.00,352.75,351.15,394.70,204.25,15513571.00,144289.00
04-Jul-24,Thursday,July,2024,Q3,EQ,352.00,356.85,350.30,351.30,351.20,350.85,352.92,394.70,204.25,11944846.00,124914.00
03-Jul-24,Wednesday,July,2024,Q3,EQ,353.00,356.40,349.70,351.00,351.30,351.30,351.84,394.70,204.25,12102104.00,123270.00
02-Jul-24,Tuesday,July,2024,Q3,EQ,353.20,355.45,350.00,352.80,350.85,351.00,352.40,394.70,204.25,12146516.00,151044.00
01-Jul-24,Monday,July,2024,Q3,EQ,358.15,358.40,352.05,358.15,352.85,352.80,353.76,394.70,204.25,15688767.00,193524.00
28-Jun-24,Friday,June,2024,Q2,EQ,357.00,362.00,355.40,353.60,357.95,358.15,358.43,394.70,204.25,23411225.00,210998.00
27-Jun-24,Thursday,June,2024,Q2,EQ,356.25,358.40,348.00,356.25,353.35,353.60,353.86,394.70,204.25,18689181.00,168103.00
26-Jun-24,Wednesday,June,2024,Q2,EQ,358.95,359.70,353.15,359.05,355.65,356.25,355.65,394.70,204.25,27206818.00,174159.00
25-Jun-24,Tuesday,June,2024,Q2,EQ,356.95,362.50,356.25,355.35,358.95,359.05,359.24,394.70,204.25,13212387.00,113911.00
24-Jun-24,Monday,June,2024,Q2,EQ,356.00,356.40,352.30,360.90,355.90,355.35,354.98,394.70,204.25,16858520.00,162851.00
21-Jun-24,Friday,June,2024,Q2,EQ,366.00,366.80,359.15,365.55,360.70,360.90,362.64,394.70,204.25,21075778.00,212016.00
20-Jun-24,Thursday,June,2024,Q2,EQ,358.90,368.30,358.00,358.30,365.50,365.55,364.45,394.70,204.25,33575312.00,217632.00
19-Jun-24,Wednesday,June,2024,Q2,EQ,363.95,363.95,357.05,363.20,358.70,358.30,359.81,394.70,204.25,15717813.00,156043.00
18-Jun-24,Tuesday,June,2024,Q2,EQ,358.75,365.00,357.60,357.00,363.25,363.20,362.79,394.70,204.25,22666205.00,184337.00
14-Jun-24,Friday,June,2024,Q2,EQ,362.00,362.75,356.10,360.80,357.95,357.00,358.29,394.70,204.25,19858187.00,157173.00
13-Jun-24,Thursday,June,2024,Q2,EQ,365.00,366.40,358.20,360.95,361.40,360.80,362.11,394.70,204.25,27424843.00,202808.00
12-Jun-24,Wednesday,June,2024,Q2,EQ,351.95,363.50,351.55,350.25,363.20,360.95,357.18,394.70,204.25,29997548.00,258141.00
11-Jun-24,Tuesday,June,2024,Q2,EQ,351.75,354.50,349.55,350.35,350.40,350.25,351.97,394.70,204.25,12762033.00,109459.00
10-Jun-24,Monday,June,2024,Q2,EQ,355.25,357.35,348.70,353.15,350.95,350.35,352.99,394.70,204.25,15670416.00,138646.00
07-Jun-24,Friday,June,2024,Q2,EQ,349.70,355.35,347.00,349.40,354.15,353.15,351.95,394.70,204.25,22668347.00,255281.00
06-Jun-24,Thursday,June,2024,Q2,EQ,350.00,352.80,348.05,345.60,350.00,349.40,349.93,394.70,204.25,16246617.00,229508.00
05-Jun-24,Wednesday,June,2024,Q2,EQ,339.00,347.90,327.00,332.95,347.30,345.60,341.84,394.70,204.25,24785002.00,276658.00
04-Jun-24,Tuesday,June,2024,Q2,EQ,358.00,358.00,307.30,356.10,337.90,332.95,336.41,394.70,204.25,59211461.00,766035.00
03-Jun-24,Monday,June,2024,Q2,EQ,368.00,368.00,353.80,344.35,356.75,356.10,356.55,394.70,204.25,24058623.00,272837.00
31-May-24,Friday,May,2024,Q2,EQ,355.05,357.90,342.10,347.75,345.00,344.35,345.92,394.70,204.25,34213953.00,309177.00
30-May-24,Thursday,May,2024,Q2,EQ,348.75,351.50,346.50,349.20,348.00,347.75,348.92,394.70,204.25,9873346.00,124739.00
29-May-24,Wednesday,May,2024,Q2,EQ,355.00,356.15,348.10,356.85,349.60,349.20,351.00,394.70,204.25,15141731.00,174529.00
28-May-24,Tuesday,May,2024,Q2,EQ,361.00,363.75,355.25,360.05,356.90,356.85,358.03,394.70,204.25,9228162.00,111107.00
27-May-24,Monday,May,2024,Q2,EQ,368.00,368.60,359.15,365.40,360.00,360.05,361.96,394.70,204.25,15955078.00,179161.00
24-May-24,Friday,May,2024,Q2,EQ,368.50,370.70,364.20,367.75,365.25,365.40,366.97,394.70,204.25,18501102.00,158447.00
23-May-24,Thursday,May,2024,Q2,EQ,357.65,376.00,357.40,357.65,367.90,367.75,367.62,394.70,204.25,37524603.00,272316.00
22-May-24,Wednesday,May,2024,Q2,EQ,359.00,360.70,355.20,357.75,357.40,357.65,358.24,394.70,204.25,12042414.00,126980.00
21-May-24,Tuesday,May,2024,Q2,EQ,361.00,362.20,355.75,362.20,357.80,357.75,358.67,394.70,204.25,11792817.00,141506.00
18-May-24,Saturday,May,2024,Q2,EQ,358.00,363.70,357.70,357.20,362.20,362.20,361.74,394.70,204.25,4311952.00,45083.00
17-May-24,Friday,May,2024,Q2,EQ,357.00,358.40,355.00,355.05,357.85,357.20,356.82,394.70,204.25,8815474.00,100539.00
16-May-24,Thursday,May,2024,Q2,EQ,356.40,359.15,352.40,353.85,355.00,355.05,355.30,394.70,204.25,12290684.00,120908.00
15-May-24,Wednesday,May,2024,Q2,EQ,354.05,358.80,351.30,352.45,354.50,353.85,355.02,394.70,204.25,16860136.00,163422.00
14-May-24,Tuesday,May,2024,Q2,EQ,344.00,353.70,342.20,341.35,353.40,352.45,349.43,394.70,204.25,19646171.00,221550.00
13-May-24,Monday,May,2024,Q2,EQ,347.85,347.90,335.40,347.85,341.95,341.35,340.71,394.70,204.25,20674537.00,269503.00
10-May-24,Friday,May,2024,Q2,EQ,346.40,349.00,336.80,345.40,347.45,347.85,343.66,394.70,204.25,24450324.00,313925.00
09-May-24,Thursday,May,2024,Q2,EQ,357.00,359.25,344.60,355.20,345.80,345.40,349.94,394.70,204.25,23209803.00,316353.00
08-May-24,Wednesday,May,2024,Q2,EQ,355.00,363.80,352.10,356.25,355.50,355.20,358.33,394.70,204.25,20022506.00,219780.00
07-May-24,Tuesday,May,2024,Q2,EQ,370.25,370.70,353.60,370.25,356.90,356.25,358.81,394.70,204.25,29499389.00,416357.00
06-May-24,Monday,May,2024,Q2,EQ,378.10,378.90,367.80,375.90,371.00,370.25,371.92,394.70,204.25,13990739.00,200081.00
03-May-24,Friday,May,2024,Q2,EQ,380.55,385.85,374.35,379.65,375.80,375.90,379.64,394.70,204.25,21862922.00,204926.00
02-May-24,Thursday,May,2024,Q2,EQ,377.00,381.35,372.50,377.00,379.95,379.65,376.67,394.70,204.25,19658857.00,203476.00
30-Apr-24,Tuesday,April,2024,Q2,EQ,380.50,383.80,375.50,380.50,375.75,377.00,379.46,394.70,204.25,16844939.00,211494.00
29-Apr-24,Monday,April,2024,Q2,EQ,383.60,384.75,378.05,381.75,380.90,380.50,380.56,394.70,204.25,16136167.00,192203.00
26-Apr-24,Friday,April,2024,Q2,EQ,384.30,384.85,380.55,382.30,382.00,381.75,382.18,394.70,204.25,14131318.00,156663.00
25-Apr-24,Thursday,April,2024,Q2,EQ,381.85,387.35,380.25,381.85,382.50,382.30,383.72,394.70,204.25,17043110.00,146755.00
24-Apr-24,Wednesday,April,2024,Q2,EQ,390.70,391.50,379.50,387.95,383.00,381.85,383.68,394.70,204.25,27660953.00,239829.00
23-Apr-24,Tuesday,April,2024,Q2,EQ,387.00,394.70,385.00,382.70,387.60,387.95,389.96,394.70,204.25,35550933.00,262501.00
22-Apr-24,Monday,April,2024,Q2,EQ,378.00,384.85,375.25,370.10,383.00,382.70,381.42,384.85,204.25,48640726.00,337794.00
19-Apr-24,Friday,April,2024,Q2,EQ,378.00,378.10,368.65,378.40,370.00,370.10,372.48,384.40,204.25,39515729.00,338568.00
18-Apr-24,Thursday,April,2024,Q2,EQ,369.15,384.40,367.00,361.85,379.95,378.40,379.83,384.40,204.25,75356224.00,499870.00
16-Apr-24,Tuesday,April,2024,Q2,EQ,364.90,371.95,360.10,354.30,362.70,361.85,365.44,378.85,204.25,48921026.00,409066.00
15-Apr-24,Monday,April,2024,Q2,EQ,362.00,362.95,351.00,372.20,355.20,354.30,356.34,378.85,204.25,46281481.00,456323.00
12-Apr-24,Friday,April,2024,Q2,EQ,370.15,378.85,368.20,370.45,372.70,372.20,373.72,378.85,204.25,32481005.00,244092.00
10-Apr-24,Wednesday,April,2024,Q2,EQ,369.65,372.40,367.55,367.70,370.95,370.45,369.96,378.70,204.25,16540320.00,142554.00
09-Apr-24,Tuesday,April,2024,Q2,EQ,371.00,374.70,365.40,369.25,368.00,367.70,370.40,378.70,204.25,23367026.00,170973.00
08-Apr-24,Monday,April,2024,Q2,EQ,376.00,378.70,367.55,373.20,369.35,369.25,372.68,378.70,204.25,32853747.00,248246.00
05-Apr-24,Friday,April,2024,Q2,EQ,361.00,374.85,359.05,361.30,373.00,373.20,369.34,374.85,204.25,46979676.00,296698.00
04-Apr-24,Thursday,April,2024,Q2,EQ,359.40,367.80,358.00,357.10,362.20,361.30,362.67,374.50,204.25,33926426.00,212104.00
03-Apr-24,Wednesday,April,2024,Q2,EQ,356.50,359.80,353.20,357.10,357.00,357.10,356.65,374.50,204.25,17920490.00,140410.00
02-Apr-24,Tuesday,April,2024,Q2,EQ,359.00,362.85,356.50,356.95,357.95,357.10,359.04,374.50,204.25,29684726.00,177541.00
01-Apr-24,Monday,April,2024,Q2,EQ,357.00,364.20,355.60,353.75,357.90,356.95,358.96,374.50,204.25,23644472.00,184560.00
28-Mar-24,Thursday,March,2024,Q1,EQ,354.85,357.75,350.40,350.70,353.90,353.75,353.57,374.50,204.25,22677067.00,166634.00
27-Mar-24,Wednesday,March,2024,Q1,EQ,348.25,355.60,348.00,346.15,349.90,350.70,351.59,374.50,204.25,50090709.00,276216.00
26-Mar-24,Tuesday,March,2024,Q1,EQ,345.00,352.50,343.55,344.65,346.20,346.15,346.96,374.50,204.25,27168989.00,207536.00
22-Mar-24,Friday,March,2024,Q1,EQ,338.00,346.90,336.70,338.70,346.20,344.65,343.25,374.50,204.25,20548126.00,148880.00
21-Mar-24,Thursday,March,2024,Q1,EQ,344.50,348.30,337.10,337.50,339.75,338.70,343.05,374.50,204.25,28731856.00,216142.00
20-Mar-24,Wednesday,March,2024,Q1,EQ,353.30,356.35,335.65,353.30,338.00,337.50,342.56,374.50,204.25,50983696.00,374071.00
19-Mar-24,Tuesday,March,2024,Q1,EQ,353.40,357.90,347.00,352.55,353.55,353.30,353.63,374.50,204.25,42007913.00,275768.00
18-Mar-24,Monday,March,2024,Q1,EQ,346.95,359.70,342.50,344.75,353.40,352.55,354.76,374.50,204.25,48365406.00,375095.00
15-Mar-24,Friday,March,2024,Q1,EQ,340.00,348.85,336.45,338.35,346.45,344.75,343.90,374.50,204.25,55087417.00,368706.00
14-Mar-24,Thursday,March,2024,Q1,EQ,328.00,341.50,318.00,328.20,341.20,338.35,332.40,374.50,204.25,74698602.00,719618.00
13-Mar-24,Wednesday,March,2024,Q1,EQ,363.70,366.90,324.50,361.85,328.40,328.20,340.57,374.50,204.25,99102083.00,855461.00
12-Mar-24,Tuesday,March,2024,Q1,EQ,360.00,374.50,358.75,355.65,363.40,361.85,367.60,374.50,204.25,111054091.00,774918.00
11-Mar-24,Monday,March,2024,Q1,EQ,336.90,359.85,332.45,333.90,356.70,355.65,350.00,359.85,204.25,121739384.00,751857.00
07-Mar-24,Thursday,March,2024,Q1,EQ,329.00,337.40,324.20,326.35,333.00,333.90,331.47,348.00,204.25,35988723.00,276751.00
06-Mar-24,Wednesday,March,2024,Q1,EQ,322.95,333.90,321.35,321.70,326.90,326.35,327.56,348.00,204.25,53717380.00,407130.00
05-Mar-24,Tuesday,March,2024,Q1,EQ,324.00,327.90,319.50,322.60,322.90,321.70,323.69,348.00,204.25,18301432.00,159397.00
04-Mar-24,Monday,March,2024,Q1,EQ,329.95,331.50,320.60,328.25,323.15,322.60,324.07,348.00,204.25,24183886.00,241782.00
02-Mar-24,Saturday,March,2024,Q1,EQ,319.00,329.65,318.00,317.90,328.90,328.25,326.55,348.00,204.25,17148671.00,112020.00
01-Mar-24,Friday,March,2024,Q1,EQ,313.50,321.60,311.55,310.00,318.00,317.90,316.80,348.00,204.25,37623310.00,275851.00
29-Feb-24,Thursday,February,2024,Q1,EQ,312.00,322.00,308.00,308.30,310.60,310.00,313.77,348.00,204.25,81356675.00,486768.00
28-Feb-24,Wednesday,February,2024,Q1,EQ,320.00,322.45,306.05,318.50,309.45,308.30,311.91,348.00,204.25,48176158.00,427665.00
27-Feb-24,Tuesday,February,2024,Q1,EQ,329.30,338.70,316.55,327.80,319.00,318.50,326.89,348.00,204.25,57002014.00,520404.00
26-Feb-24,Monday,February,2024,Q1,EQ,340.45,348.00,325.75,333.95,328.00,327.80,335.59,348.00,204.25,107359705.00,768542.00
23-Feb-24,Friday,February,2024,Q1,EQ,305.80,347.00,305.35,302.85,335.00,333.95,330.70,347.00,204.25,270077122.00,1305409.00
22-Feb-24,Thursday,February,2024,Q1,EQ,291.70,305.30,291.10,290.10,303.85,302.85,299.38,305.30,204.25,75689296.00,410986.00
21-Feb-24,Wednesday,February,2024,Q1,EQ,284.00,294.50,283.20,281.70,289.65,290.10,289.64,295.70,204.25,64130106.00,416397.00
20-Feb-24,Tuesday,February,2024,Q1,EQ,274.20,289.30,273.60,274.00,281.80,281.70,282.79,295.70,204.25,55688591.00,339444.00
19-Feb-24,Monday,February,2024,Q1,EQ,273.25,277.10,271.90,271.90,274.05,274.00,274.21,295.70,204.25,18390283.00,94897.00
16-Feb-24,Friday,February,2024,Q1,EQ,275.30,276.75,271.00,274.05,271.30,271.90,272.88,295.70,204.25,14337059.00,136682.00
15-Feb-24,Thursday,February,2024,Q1,EQ,275.00,279.00,273.00,273.00,274.05,274.05,275.48,295.70,204.25,19477720.00,146953.00
14-Feb-24,Wednesday,February,2024,Q1,EQ,269.90,275.00,268.55,272.75,272.45,273.00,272.14,295.70,204.25,21374190.00,173404.00
13-Feb-24,Tuesday,February,2024,Q1,EQ,270.45,275.40,263.70,271.45,272.75,272.75,268.25,295.70,204.25,31220101.00,249785.00
12-Feb-24,Monday,February,2024,Q1,EQ,276.10,281.10,267.70,273.00,272.90,271.45,274.36,295.70,204.25,47043875.00,327409.00
09-Feb-24,Friday,February,2024,Q1,EQ,264.40,276.30,258.40,262.80,274.00,273.00,266.94,295.70,204.25,51120889.00,334750.00
08-Feb-24,Thursday,February,2024,Q1,EQ,270.00,270.40,261.95,268.50,263.70,262.80,265.00,295.70,204.25,21948925.00,191228.00
07-Feb-24,Wednesday,February,2024,Q1,EQ,273.45,275.70,267.40,270.95,269.00,268.50,271.00,295.70,204.25,30963705.00,246417.00
06-Feb-24,Tuesday,February,2024,Q1,EQ,285.70,285.70,266.05,289.10,270.20,270.95,276.21,295.70,204.25,86635613.00,622597.00
05-Feb-24,Monday,February,2024,Q1,EQ,256.35,295.70,255.70,253.80,292.40,289.10,281.73,295.70,204.25,211028604.00,1040965.00
02-Feb-24,Friday,February,2024,Q1,EQ,252.50,257.30,250.60,252.40,253.85,253.80,253.61,269.70,204.25,30218956.00,169624.00
01-Feb-24,Thursday,February,2024,Q1,EQ,251.00,254.70,249.20,248.25,252.15,252.40,252.59,269.70,204.25,24323325.00,165195.00
31-Jan-24,Wednesday,January,2024,Q1,EQ,247.65,250.60,246.10,247.70,248.50,248.25,248.21,269.70,204.25,15183900.00,132755.00
30-Jan-24,Tuesday,January,2024,Q1,EQ,253.15,253.95,247.10,251.00,247.50,247.70,250.69,269.70,204.25,15292451.00,120971.00
29-Jan-24,Monday,January,2024,Q1,EQ,242.00,254.40,240.00,239.85,251.20,251.00,248.77,269.70,204.25,41148261.00,263988.00
